Book Id,Title,Author,Author l-f,Additional Authors,ISBN,ISBN13,My Rating,Average Rating,Publisher,Binding,Number of Pages,Year Published,Original Publication Year,Date Read,Date Added,Bookshelves,Bookshelves with positions,Exclusive Shelf,My Review,Spoiler,Private Notes,Read Count,Owned Copies
12067,"Good Omens: The Nice and Accurate Prophecies of Agnes Nutter, Witch",Terry Pratchett,"Pratchett, Terry",Neil Gaiman,"=""0060853980""","=""9780060853983""",5,4.25,HarperTorch,Mass Market Paperback,432,2006,1990,2019/03/02,2019/02/20,favourites,favourites (#1),read,"Funniest book about the end of the world.<br/><br/>Crowley and Aziraphale, forever. ""Just popped out for some more,"" indeed.",,,2,1
5907,The Hobbit,J.R.R. Tolkien,"Tolkien, J.R.R.",,"=""054792822X""","=""9780547928227""",5,4.28,Mariner Books,Paperback,300,2012,1937,2018/11/12,2018/10/01,,,read,,,,1,1
5470,1984,George Orwell,"Orwell, George",,"=""0451524934""","=""9780451524935""",4,4.19,Signet Classic,Mass Market Paperback,328,1961,1949,2017/05/04,2017/04/20,classics,classics (#1),read,,,,1,1
186074,"The Name of the Wind (The Kingkiller Chronicle, #1)",Patrick Rothfuss,"Rothfuss, Patrick",,"=""0756404746""","=""9780756404741""",0,4.52,DAW Books,Mass Market Paperback,722,2008,2007,,2024/01/06,"currently-reading, fantasy","currently-reading (#1), fantasy (#1)",currently-reading,,,,0,1
68428,"The Final Empire (Mistborn, #1)",Brandon Sanderson,"Sanderson, Brandon",,"=""0765350386""","=""9780765350381""",0,4.47,Tor Fantasy,Mass Market Paperback,657,2006,2006,,2024/02/11,"to-read, fantasy","to-read (#3), fantasy (#2)",to-read,,,,0,1
54493401,Project Hail Mary,Andy Weir,"Weir, Andy",,"=""0593135202""","=""9780593135204""",5,4.52,Ballantine Books,Hardcover,496,2021,2021,2022/08/30,2022/07/14,"favourites, book-club","favourites (#2), book-club (#1)",read,Science! Friendship! Rocky!,,,1,1
35959740,Circe,Madeline Miller,"Miller, Madeline",,"=""0316556343""","=""9780316556347""",4,4.26,"Little, Brown and Company",Hardcover,393,2018,2018,2021/03/18,2021/02/01,book-club,book-club (#2),read,,,,1,1
46000520,"The Thursday Murder Club (Thursday Murder Club, #1)",Richard Osman,"Osman, Richard",,"=""1984880969""","=""9781984880963""",4,4.04,Pamela Dorman Books,Hardcover,368,2020,2020,2021/12/27,2021/12/25,mystery,mystery (#1),read,,,Christmas present from Mum,1,1
8855321,"Leviathan Wakes (The Expanse, #1)",James S.A. Corey,"Corey, James S.A.",,"=""0316129089""","=""9780316129084""",0,4.26,Orbit,Paperback,582,2011,2011,,2023/06/03,to-read,to-read (#1),to-read,,,,0,1
18423,The Left Hand of Darkness,Ursula K. Le Guin,"Guin, Ursula K. Le",,"=""0441478123""","=""9780441478125""",5,4.09,Ace,Mass Market Paperback,304,1987,1969,2016/09/21,2016/08/30,classics,classics (#2),read,,,,1,1
37903770,Norse Mythology,Neil Gaiman,"Gaiman, Neil",,"=""039360909X""","=""9780393609097""",2,4.12,W. W. Norton & Company,Hardcover,299,2017,2017,2019/01/09,2018/12/24,,,read,,,,1,1
5544,"""Surely You're Joking, Mr. Feynman!"": Adventures of a Curious Character",Richard P. Feynman,"Feynman, Richard P.","Ralph Leighton, Edward Hutchings","=""0393316041""","=""9780393316049""",5,4.29,W. W. Norton & Company,Paperback,350,1997,1985,2015/07/19,2015/07/01,,,read,,,,1,1
34506,"The Science of Discworld (Science of Discworld, #1)",Terry Pratchett,"Pratchett, Terry","Ian Stewart, Jack Cohen","=""0091865158""","=""9780091865153""",3,3.94,Ebury Press,Hardcover,336,1999,1999,2012/04/10,2012/03/15,,,read,,,,1,1
24280,Les Misérables,Victor Hugo,"Hugo, Victor","Lee Fahnestock, Norman MacAfee","=""045141943X""","=""9780451419439""",0,4.20,Signet,Mass Market Paperback,1463,2013,1862,,2020/01/05,"to-read, classics","to-read (#2), classics (#3)",to-read,,,,0,1
44767458,"Dune (Dune, #1)",Frank Herbert,"Herbert, Frank",,"=""0441172717""","=""""",5,4.27,Ace,Mass Market Paperback,896,1990,1965,2014/02/14,2014/01/31,favourites,favourites (#3),read,,,,3,1
18007564,The Martian,Andy Weir,"Weir, Andy",,"=""0553418025""","=""9780553418026""",1,4.41,Broadway Books,Paperback,387,2014,2011,2016/05/02,2016/04/18,,,read,,,,1,1
34,"The Fellowship of the Ring (The Lord of the Rings, #1)",J.R.R. Tolkien,"Tolkien, J.R.R.",,"=""0345339703""","=""9780345339706""",5,4.38,Del Rey,Mass Market Paperback,458,1986,1954,2010/12/30,2010/12/01,,,read,,,,2,1
1885,Pride and Prejudice,Jane Austen,"Austen, Jane",,"=""0141439513""","=""9780141439518""",4,4.29,Penguin Classics,Paperback,480,2003,1813,2013/01/28,2013/01/02,classics,classics (#4),read,,,,1,1
7190,"The Colour of Magic (Discworld, #1)",Terry Pratchett,"Pratchett, Terry",,"=""""","=""""",4,3.98,Corgi,Kindle Edition,288,,1983,2011/08/07,2011/08/01,favourites,favourites (#4),read,,,,1,0
3,"Harry Potter and the Philosopher's Stone (Harry Potter, #1)",J.K. Rowling,"Rowling, J.K.",,"=""0747532699""","=""9780747532699""",5,4.47,Bloomsbury,Hardcover,223,,1997,2001/07/31,2001/07/31,signed,signed (#1),read,,,"Signed at the Edinburgh book festival.
Keep it out of the sun!",4,1
